year,classifier_index,match_count,fire_count,matched,fired
1983,9,3,0,True,False
1983,10,1,0,True,False
1983,14,1,0,True,False
1983,25,3,0,True,False
1983,32,1,0,True,False
1983,36,1,0,True,False
1983,53,1,0,True,False
1983,66,1,1,True,True
1983,67,1,0,True,False
1983,81,3,2,True,True
1983,82,2,0,True,False
1983,99,2,0,True,False
1983,104,1,0,True,False
1983,116,4,0,True,False
1983,145,1,0,True,False
1983,151,1,0,True,False
1983,152,1,0,True,False
1983,173,2,0,True,False
1983,183,3,0,True,False
1983,190,2,0,True,False
1983,199,1,0,True,False
1983,228,1,0,True,False
1983,236,19,6,True,True
1983,239,1,0,True,False
1983,240,1,0,True,False
1983,242,1,0,True,False
1983,243,1,0,True,False
1983,261,1,0,True,False
1983,262,1,0,True,False
1983,283,4,0,True,False
1983,289,4,0,True,False
1983,290,4,0,True,False
1983,307,4,0,True,False
1983,316,4,1,True,True
1983,323,1,1,True,True
1983,338,3,0,True,False
1983,339,2,0,True,False
1983,340,3,0,True,False
1983,342,3,0,True,False
1983,353,23,0,True,False
1983,362,6,0,True,False
1983,374,2,0,True,False
1983,375,2,0,True,False
1983,377,4,1,True,True
1983,388,11,0,True,False
1983,414,3,1,True,True
1983,419,2,1,True,True
1983,420,2,1,True,True
1983,434,21,0,True,False
1983,435,21,0,True,False
1983,456,4,0,True,False
1983,463,3,0,True,False
1983,468,21,10,True,True
1983,469,15,10,True,True
1983,481,1,0,True,False
1983,482,1,0,True,False
1983,502,2,0,True,False
1983,505,4,1,True,True
1983,512,5,0,True,False
1983,525,2,0,True,False
1983,534,1,0,True,False
1983,536,2,0,True,False
1983,537,6,0,True,False
1983,538,27,0,True,False
1983,540,28,0,True,False
1983,541,6,6,True,True
1983,542,2,0,True,False
1983,543,2,0,True,False
1983,556,12,0,True,False
1983,560,4,0,True,False
1983,572,1,1,True,True
1983,584,4,0,True,False
1983,585,20,2,True,True
1983,586,11,0,True,False
1983,591,5,1,True,True
1983,592,21,0,True,False
1983,606,1,1,True,True
1983,609,5,0,True,False
1983,611,2,2,True,True
1983,618,13,1,True,True
1983,619,2,0,True,False
1983,627,4,0,True,False
1983,628,28,4,True,True
1983,629,1,0,True,False
1983,633,2,0,True,False
1983,634,2,0,True,False
1983,638,1,0,True,False
1983,639,6,0,True,False
1983,641,3,0,True,False
1983,644,28,4,True,True
1983,666,3,2,True,True
1983,668,22,0,True,False
1983,672,2,0,True,False
1983,675,1,0,True,False
1983,687,5,0,True,False
1983,688,5,0,True,False
1983,696,2,0,True,False
1983,704,1,1,True,True
1983,708,3,0,True,False
1983,709,25,4,True,True
1983,712,7,0,True,False
1983,718,6,1,True,True
1983,719,6,1,True,True
1983,727,25,0,True,False
1983,728,28,0,True,False
1983,729,28,0,True,False
1983,730,17,0,True,False
1983,731,14,0,True,False
1983,732,2,0,True,False
1983,733,3,0,True,False
1983,741,22,4,True,True
1983,742,1,0,True,False
1983,743,5,0,True,False
1983,753,3,1,True,True
1983,755,1,1,True,True
1983,761,23,0,True,False
1983,764,4,0,True,False
1983,766,28,0,True,False
1983,784,2,0,True,False
1983,786,25,4,True,True
1983,794,2,1,True,True
1983,795,21,7,True,True
1984,10,1,0,True,False
1984,14,1,0,True,False
1984,15,1,0,True,False
1984,16,1,0,True,False
1984,17,1,0,True,False
1984,20,1,0,True,False
1984,36,3,0,True,False
1984,53,1,0,True,False
1984,60,1,0,True,False
1984,87,1,0,True,False
1984,99,1,0,True,False
1984,110,1,0,True,False
1984,151,1,0,True,False
1984,152,2,0,True,False
1984,173,3,0,True,False
1984,183,2,0,True,False
1984,199,1,1,True,True
1984,236,24,7,True,True
1984,242,1,0,True,False
1984,243,1,0,True,False
1984,256,1,0,True,False
1984,261,1,0,True,False
1984,269,1,0,True,False
1984,272,1,0,True,False
1984,282,1,1,True,True
1984,283,5,1,True,True
1984,289,4,0,True,False
1984,290,4,0,True,False
1984,307,4,0,True,False
1984,316,5,1,True,True
1984,323,2,1,True,True
1984,338,2,0,True,False
1984,339,2,0,True,False
1984,340,2,0,True,False
1984,341,1,0,True,False
1984,342,3,0,True,False
1984,349,2,1,True,True
1984,350,2,1,True,True
1984,353,28,0,True,False
1984,362,6,0,True,False
1984,374,1,0,True,False
1984,375,3,0,True,False
1984,377,5,1,True,True
1984,388,12,0,True,False
1984,410,1,0,True,False
1984,411,1,0,True,False
1984,414,3,0,True,False
1984,423,5,0,True,False
1984,434,24,1,True,True
1984,435,24,1,True,True
1984,456,5,0,True,False
1984,463,2,0,True,False
1984,468,19,7,True,True
1984,469,14,10,True,True
1984,482,1,0,True,False
1984,487,1,0,True,False
1984,499,5,1,True,True
1984,502,3,2,True,True
1984,505,3,0,True,False
1984,512,5,1,True,True
1984,525,2,0,True,False
1984,528,1,0,True,False
1984,531,1,0,True,False
1984,536,2,0,True,False
1984,537,6,0,True,False
1984,538,28,0,True,False
1984,540,29,0,True,False
1984,541,5,4,True,True
1984,542,3,0,True,False
1984,543,2,0,True,False
1984,556,12,0,True,False
1984,560,4,0,True,False
1984,572,4,2,True,True
1984,584,4,0,True,False
1984,585,22,2,True,True
1984,586,12,0,True,False
1984,591,6,2,True,True
1984,592,25,0,True,False
1984,606,1,1,True,True
1984,609,5,0,True,False
1984,611,2,1,True,True
1984,618,19,3,True,True
1984,619,3,0,True,False
1984,625,1,1,True,True
1984,627,5,0,True,False
1984,628,29,5,True,True
1984,633,3,0,True,False
1984,634,1,0,True,False
1984,638,1,0,True,False
1984,639,6,2,True,True
1984,644,29,5,True,True
1984,658,1,1,True,True
1984,659,1,1,True,True
1984,668,26,0,True,False
1984,675,3,2,True,True
1984,687,5,2,True,True
1984,688,5,1,True,True
1984,704,1,1,True,True
1984,708,2,0,True,False
1984,709,25,4,True,True
1984,712,10,0,True,False
1984,718,7,0,True,False
1984,719,7,0,True,False
1984,727,26,0,True,False
1984,728,29,0,True,False
1984,729,29,0,True,False
1984,730,20,0,True,False
1984,731,15,0,True,False
1984,732,3,0,True,False
1984,733,4,0,True,False
1984,741,24,5,True,True
1984,742,6,0,True,False
1984,753,5,0,True,False
1984,755,1,1,True,True
1984,761,23,0,True,False
1984,764,5,0,True,False
1984,766,29,0,True,False
1984,781,6,1,True,True
1984,782,6,2,True,True
1984,786,25,4,True,True
1984,795,24,8,True,True
1985,2,1,0,True,False
1985,9,1,0,True,False
1985,10,1,0,True,False
1985,32,1,0,True,False
1985,36,3,0,True,False
1985,48,1,1,True,True
1985,53,1,0,True,False
1985,81,2,1,True,True
1985,82,1,0,True,False
1985,99,4,0,True,False
1985,104,1,0,True,False
1985,145,1,0,True,False
1985,151,1,0,True,False
1985,173,3,0,True,False
1985,183,1,0,True,False
1985,190,1,1,True,True
1985,228,1,0,True,False
1985,236,14,1,True,True
1985,239,1,0,True,False
1985,240,1,0,True,False
1985,261,1,0,True,False
1985,262,1,0,True,False
1985,264,1,0,True,False
1985,283,4,0,True,False
1985,289,3,0,True,False
1985,290,3,0,True,False
1985,316,5,2,True,True
1985,348,2,0,True,False
1985,349,4,3,True,True
1985,350,4,3,True,True
1985,353,18,0,True,False
1985,362,2,0,True,False
1985,374,1,0,True,False
1985,375,3,0,True,False
1985,377,5,0,True,False
1985,388,11,0,True,False
1985,434,14,0,True,False
1985,435,14,0,True,False
1985,456,4,0,True,False
1985,468,18,6,True,True
1985,469,13,11,True,True
1985,481,1,0,True,False
1985,482,1,0,True,False
1985,499,6,1,True,True
1985,502,2,1,True,True
1985,505,1,0,True,False
1985,512,3,0,True,False
1985,525,1,0,True,False
1985,534,1,0,True,False
1985,536,2,0,True,False
1985,537,3,0,True,False
1985,538,23,0,True,False
1985,540,28,0,True,False
1985,541,5,5,True,True
1985,542,3,0,True,False
1985,543,2,0,True,False
1985,556,7,0,True,False
1985,584,3,0,True,False
1985,585,16,2,True,True
1985,586,11,0,True,False
1985,591,5,2,True,True
1985,592,14,0,True,False
1985,609,4,0,True,False
1985,611,1,0,True,False
1985,618,11,0,True,False
1985,619,1,0,True,False
1985,627,4,0,True,False
1985,628,28,7,True,True
1985,634,2,0,True,False
1985,641,4,0,True,False
1985,644,28,7,True,True
1985,666,3,2,True,True
1985,668,15,0,True,False
1985,672,2,1,True,True
1985,675,3,1,True,True
1985,687,5,1,True,True
1985,688,2,0,True,False
1985,696,1,0,True,False
1985,704,1,1,True,True
1985,708,2,0,True,False
1985,709,25,7,True,True
1985,712,6,0,True,False
1985,718,1,0,True,False
1985,727,22,0,True,False
1985,728,28,0,True,False
1985,729,28,0,True,False
1985,730,12,0,True,False
1985,731,11,0,True,False
1985,732,2,1,True,True
1985,733,1,0,True,False
1985,741,21,7,True,True
1985,753,4,2,True,True
1985,761,24,0,True,False
1985,764,3,0,True,False
1985,766,28,0,True,False
1985,781,4,0,True,False
1985,782,6,1,True,True
1985,786,25,7,True,True
1985,794,3,2,True,True
1985,795,17,4,True,True
1986,1,1,0,True,False
1986,2,1,0,True,False
1986,6,1,0,True,False
1986,7,1,0,True,False
1986,9,1,0,True,False
1986,15,1,0,True,False
1986,16,1,0,True,False
1986,17,1,0,True,False
1986,20,1,0,True,False
1986,32,1,0,True,False
1986,36,2,0,True,False
1986,39,1,0,True,False
1986,42,1,0,True,False
1986,53,1,0,True,False
1986,81,1,0,True,False
1986,87,1,0,True,False
1986,99,3,0,True,False
1986,104,1,0,True,False
1986,110,1,0,True,False
1986,141,1,0,True,False
1986,151,1,0,True,False
1986,152,1,0,True,False
1986,173,2,0,True,False
1986,183,2,0,True,False
1986,199,1,1,True,True
1986,236,18,9,True,True
1986,256,1,0,True,False
1986,261,1,0,True,False
1986,269,1,0,True,False
1986,272,1,0,True,False
1986,282,1,1,True,True
1986,283,3,1,True,True
1986,289,4,0,True,False
1986,290,4,0,True,False
1986,307,1,0,True,False
1986,316,5,1,True,True
1986,323,1,1,True,True
1986,338,3,0,True,False
1986,339,1,0,True,False
1986,340,1,0,True,False
1986,341,1,0,True,False
1986,342,3,0,True,False
1986,353,22,0,True,False
1986,362,3,0,True,False
1986,374,1,0,True,False
1986,375,3,0,True,False
1986,377,5,2,True,True
1986,388,7,0,True,False
1986,410,1,0,True,False
1986,411,1,0,True,False
1986,423,4,0,True,False
1986,434,19,0,True,False
1986,435,19,0,True,False
1986,456,3,0,True,False
1986,463,2,0,True,False
1986,468,15,7,True,True
1986,469,9,6,True,True
1986,481,1,0,True,False
1986,482,1,0,True,False
1986,487,1,0,True,False
1986,499,6,3,True,True
1986,502,2,1,True,True
1986,505,2,0,True,False
1986,512,4,0,True,False
1986,513,1,1,True,True
1986,528,1,0,True,False
1986,536,1,0,True,False
1986,537,1,0,True,False
1986,538,24,2,True,True
1986,540,30,0,True,False
1986,541,5,4,True,True
1986,542,3,0,True,False
1986,543,2,0,True,False
1986,556,7,0,True,False
1986,560,4,0,True,False
1986,572,3,1,True,True
1986,584,4,0,True,False
1986,585,22,6,True,True
1986,586,6,0,True,False
1986,591,4,2,True,True
1986,592,19,0,True,False
1986,606,1,1,True,True
1986,609,3,0,True,False
1986,611,1,1,True,True
1986,618,9,2,True,True
1986,619,2,0,True,False
1986,625,1,1,True,True
1986,627,3,0,True,False
1986,628,30,4,True,True
1986,633,1,0,True,False
1986,634,1,0,True,False
1986,638,1,0,True,False
1986,639,6,1,True,True
1986,644,30,4,True,True
1986,658,1,1,True,True
1986,659,1,1,True,True
1986,668,19,0,True,False
1986,675,2,1,True,True
1986,687,5,1,True,True
1986,688,4,1,True,True
1986,704,1,1,True,True
1986,708,2,0,True,False
1986,709,27,3,True,True
1986,712,5,0,True,False
1986,718,4,0,True,False
1986,719,3,0,True,False
1986,727,24,2,True,True
1986,728,30,0,True,False
1986,729,30,0,True,False
1986,730,15,0,True,False
1986,731,8,0,True,False
1986,732,2,0,True,False
1986,733,3,2,True,True
1986,741,21,4,True,True
1986,742,6,0,True,False
1986,753,3,0,True,False
1986,755,1,1,True,True
1986,761,26,2,True,True
1986,764,3,0,True,False
1986,766,30,0,True,False
1986,781,4,2,True,True
1986,782,5,3,True,True
1986,786,27,3,True,True
1986,795,18,9,True,True
1988,1,1,0,True,False
1988,7,1,0,True,False
1988,10,1,0,True,False
1988,32,1,0,True,False
1988,53,1,0,True,False
1988,60,1,0,True,False
1988,81,2,2,True,True
1988,82,1,0,True,False
1988,110,1,0,True,False
1988,116,2,0,True,False
1988,145,1,0,True,False
1988,151,1,0,True,False
1988,190,1,0,True,False
1988,199,1,1,True,True
1988,228,1,0,True,False
1988,236,23,4,True,True
1988,239,1,0,True,False
1988,240,1,0,True,False
1988,261,1,0,True,False
1988,262,1,0,True,False
1988,283,4,1,True,True
1988,289,8,0,True,False
1988,290,8,0,True,False
1988,353,23,0,True,False
1988,377,4,1,True,True
1988,385,1,1,True,True
1988,388,20,0,True,False
1988,434,21,0,True,False
1988,435,21,0,True,False
1988,468,21,6,True,True
1988,469,18,16,True,True
1988,481,1,0,True,False
1988,482,1,0,True,False
1988,499,5,1,True,True
1988,502,1,1,True,True
1988,512,8,0,True,False
1988,531,1,0,True,False
1988,534,1,0,True,False
1988,536,2,0,True,False
1988,538,24,0,True,False
1988,540,27,0,True,False
1988,541,8,8,True,True
1988,556,11,0,True,False
1988,584,5,0,True,False
1988,585,11,1,True,True
1988,586,14,0,True,False
1988,591,3,3,True,True
1988,592,22,0,True,False
1988,606,1,1,True,True
1988,611,3,1,True,True
1988,618,19,2,True,True
1988,628,27,2,True,True
1988,634,1,0,True,False
1988,638,1,0,True,False
1988,644,27,2,True,True
1988,668,21,0,True,False
1988,672,1,0,True,False
1988,704,1,1,True,True
1988,708,5,0,True,False
1988,709,16,0,True,False
1988,712,12,0,True,False
1988,718,4,2,True,True
1988,719,5,2,True,True
1988,727,21,0,True,False
1988,728,27,0,True,False
1988,729,27,0,True,False
1988,730,9,0,True,False
1988,731,14,0,True,False
1988,732,1,0,True,False
1988,733,3,0,True,False
1988,741,21,2,True,True
1988,742,6,0,True,False
1988,750,6,1,True,True
1988,755,1,1,True,True
1988,761,18,0,True,False
1988,764,4,4,True,True
1988,766,27,0,True,False
1988,781,2,0,True,False
1988,782,6,1,True,True
1988,786,16,0,True,False
1988,795,23,4,True,True
1989,1,1,0,True,False
1989,10,1,0,True,False
1989,32,1,0,True,False
1989,53,1,0,True,False
1989,81,3,3,True,True
1989,82,2,0,True,False
1989,104,1,0,True,False
1989,110,1,0,True,False
1989,116,1,0,True,False
1989,145,1,0,True,False
1989,151,1,0,True,False
1989,190,2,0,True,False
1989,199,1,0,True,False
1989,228,1,0,True,False
1989,236,22,2,True,True
1989,239,1,0,True,False
1989,240,1,0,True,False
1989,261,1,0,True,False
1989,262,1,0,True,False
1989,283,3,2,True,True
1989,289,7,0,True,False
1989,290,7,0,True,False
1989,338,1,0,True,False
1989,339,1,0,True,False
1989,340,1,0,True,False
1989,353,22,0,True,False
1989,377,3,2,True,True
1989,388,18,0,True,False
1989,423,6,0,True,False
1989,434,22,0,True,False
1989,435,22,0,True,False
1989,463,1,0,True,False
1989,468,23,6,True,True
1989,469,20,18,True,True
1989,481,1,0,True,False
1989,482,1,0,True,False
1989,512,8,0,True,False
1989,534,1,0,True,False
1989,536,2,0,True,False
1989,538,23,0,True,False
1989,540,26,0,True,False
1989,541,10,10,True,True
1989,556,9,0,True,False
1989,560,4,0,True,False
1989,584,7,0,True,False
1989,585,17,1,True,True
1989,586,14,0,True,False
1989,591,1,1,True,True
1989,592,22,0,True,False
1989,606,1,1,True,True
1989,609,3,0,True,False
1989,611,3,2,True,True
1989,618,18,0,True,False
1989,628,26,1,True,True
1989,634,2,0,True,False
1989,638,1,0,True,False
1989,639,4,2,True,True
1989,644,26,1,True,True
1989,668,22,0,True,False
1989,672,2,0,True,False
1989,687,4,3,True,True
1989,688,3,2,True,True
1989,696,2,0,True,False
1989,704,1,1,True,True
1989,708,5,0,True,False
1989,709,20,1,True,True
1989,712,12,0,True,False
1989,718,4,1,True,True
1989,719,3,1,True,True
1989,727,20,0,True,False
1989,728,26,0,True,False
1989,729,26,0,True,False
1989,730,16,0,True,False
1989,731,11,0,True,False
1989,733,3,2,True,True
1989,741,20,1,True,True
1989,742,5,0,True,False
1989,743,1,0,True,False
1989,755,1,1,True,True
1989,761,18,0,True,False
1989,764,1,0,True,False
1989,766,26,0,True,False
1989,786,20,1,True,True
1989,795,22,2,True,True
1990,1,1,0,True,False
1990,10,1,0,True,False
1990,14,1,0,True,False
1990,32,1,0,True,False
1990,53,1,0,True,False
1990,81,3,3,True,True
1990,82,2,0,True,False
1990,104,1,0,True,False
1990,116,1,0,True,False
1990,145,1,0,True,False
1990,151,1,0,True,False
1990,152,2,0,True,False
1990,190,2,0,True,False
1990,199,1,0,True,False
1990,228,1,0,True,False
1990,236,19,4,True,True
1990,239,1,0,True,False
1990,240,1,0,True,False
1990,261,1,0,True,False
1990,262,1,0,True,False
1990,283,3,2,True,True
1990,289,5,0,True,False
1990,290,5,0,True,False
1990,323,1,0,True,False
1990,338,2,0,True,False
1990,340,1,0,True,False
1990,341,1,0,True,False
1990,342,1,0,True,False
1990,353,20,0,True,False
1990,377,3,0,True,False
1990,388,14,0,True,False
1990,414,1,0,True,False
1990,423,5,0,True,False
1990,434,19,0,True,False
1990,435,19,0,True,False
1990,463,1,0,True,False
1990,468,18,6,True,True
1990,469,16,14,True,True
1990,481,1,0,True,False
1990,482,1,0,True,False
1990,512,7,0,True,False
1990,534,1,0,True,False
1990,536,2,0,True,False
1990,538,23,0,True,False
1990,540,25,0,True,False
1990,541,9,9,True,True
1990,556,8,0,True,False
1990,560,4,0,True,False
1990,584,6,0,True,False
1990,585,15,1,True,True
1990,586,11,0,True,False
1990,591,3,1,True,True
1990,592,20,0,True,False
1990,606,1,1,True,True
1990,609,6,0,True,False
1990,611,3,2,True,True
1990,618,18,3,True,True
1990,628,25,1,True,True
1990,634,2,0,True,False
1990,638,1,0,True,False
1990,639,4,1,True,True
1990,644,25,1,True,True
1990,668,19,0,True,False
1990,672,2,0,True,False
1990,687,4,2,True,True
1990,688,3,1,True,True
1990,696,2,0,True,False
1990,704,1,1,True,True
1990,708,4,0,True,False
1990,709,19,1,True,True
1990,712,9,0,True,False
1990,718,6,3,True,True
1990,719,7,4,True,True
1990,727,21,0,True,False
1990,728,25,0,True,False
1990,729,25,0,True,False
1990,730,12,0,True,False
1990,731,9,0,True,False
1990,733,3,0,True,False
1990,741,17,1,True,True
1990,742,6,0,True,False
1990,743,5,0,True,False
1990,755,1,1,True,True
1990,761,18,0,True,False
1990,764,3,0,True,False
1990,766,25,0,True,False
1990,786,19,1,True,True
1990,795,20,4,True,True
1991,1,1,0,True,False
1991,2,1,0,True,False
1991,7,1,0,True,False
1991,10,1,0,True,False
1991,14,1,0,True,False
1991,32,1,0,True,False
1991,53,1,0,True,False
1991,67,1,0,True,False
1991,81,3,3,True,True
1991,82,2,0,True,False
1991,104,1,0,True,False
1991,110,1,0,True,False
1991,116,1,0,True,False
1991,145,1,0,True,False
1991,151,1,0,True,False
1991,152,4,0,True,False
1991,190,2,0,True,False
1991,199,1,0,True,False
1991,236,19,1,True,True
1991,239,1,0,True,False
1991,240,1,0,True,False
1991,242,2,0,True,False
1991,243,2,0,True,False
1991,261,1,0,True,False
1991,262,1,0,True,False
1991,272,1,0,True,False
1991,283,3,1,True,True
1991,289,5,0,True,False
1991,290,5,0,True,False
1991,316,1,0,True,False
1991,323,2,1,True,True
1991,338,6,0,True,False
1991,339,1,0,True,False
1991,340,1,0,True,False
1991,341,1,0,True,False
1991,342,1,0,True,False
1991,348,1,0,True,False
1991,353,21,0,True,False
1991,377,3,1,True,True
1991,388,15,0,True,False
1991,414,1,0,True,False
1991,423,6,0,True,False
1991,434,20,0,True,False
1991,435,20,0,True,False
1991,463,1,0,True,False
1991,468,16,4,True,True
1991,469,15,13,True,True
1991,481,1,0,True,False
1991,482,1,0,True,False
1991,512,6,0,True,False
1991,534,1,0,True,False
1991,536,2,0,True,False
1991,538,23,0,True,False
1991,540,27,0,True,False
1991,541,7,7,True,True
1991,556,6,0,True,False
1991,560,4,0,True,False
1991,584,5,0,True,False
1991,585,18,3,True,True
1991,586,17,1,True,True
1991,591,3,1,True,True
1991,592,20,0,True,False
1991,606,1,1,True,True
1991,609,4,0,True,False
1991,611,3,3,True,True
1991,618,16,1,True,True
1991,628,27,5,True,True
1991,634,2,0,True,False
1991,638,1,0,True,False
1991,639,5,1,True,True
1991,644,27,5,True,True
1991,668,21,0,True,False
1991,672,2,0,True,False
1991,687,5,1,True,True
1991,688,4,1,True,True
1991,696,1,0,True,False
1991,704,1,1,True,True
1991,708,4,0,True,False
1991,709,23,5,True,True
1991,712,13,0,True,False
1991,718,5,1,True,True
1991,719,7,3,True,True
1991,727,22,0,True,False
1991,728,27,0,True,False
1991,729,27,0,True,False
1991,730,13,0,True,False
1991,731,7,0,True,False
1991,732,1,0,True,False
1991,733,2,0,True,False
1991,741,21,5,True,True
1991,742,7,0,True,False
1991,743,5,0,True,False
1991,755,1,1,True,True
1991,761,21,0,True,False
1991,764,2,0,True,False
1991,766,27,0,True,False
1991,784,1,0,True,False
1991,786,23,5,True,True
1991,795,20,2,True,True
1992,1,1,0,True,False
1992,7,1,0,True,False
1992,10,1,0,True,False
1992,25,1,0,True,False
1992,29,1,0,True,False
1992,32,1,0,True,False
1992,53,1,0,True,False
1992,67,2,1,True,True
1992,81,2,2,True,True
1992,82,1,0,True,False
1992,104,1,0,True,False
1992,110,1,0,True,False
1992,116,2,0,True,False
1992,145,1,0,True,False
1992,151,1,0,True,False
1992,190,1,0,True,False
1992,199,1,0,True,False
1992,203,1,0,True,False
1992,204,1,0,True,False
1992,228,1,0,True,False
1992,236,20,6,True,True
1992,239,1,0,True,False
1992,240,1,0,True,False
1992,242,1,0,True,False
1992,243,1,0,True,False
1992,261,1,0,True,False
1992,262,1,0,True,False
1992,283,4,1,True,True
1992,289,6,0,True,False
1992,290,6,0,True,False
1992,316,1,0,True,False
1992,338,4,0,True,False
1992,339,2,0,True,False
1992,340,2,0,True,False
1992,342,3,0,True,False
1992,353,24,0,True,False
1992,377,3,0,True,False
1992,388,13,0,True,False
1992,414,1,0,True,False
1992,423,5,0,True,False
1992,434,21,0,True,False
1992,435,21,0,True,False
1992,463,1,0,True,False
1992,468,17,7,True,True
1992,469,15,12,True,True
1992,481,1,0,True,False
1992,482,1,0,True,False
1992,512,7,0,True,False
1992,534,1,0,True,False
1992,536,2,0,True,False
1992,538,24,0,True,False
1992,540,27,0,True,False
1992,541,5,5,True,True
1992,556,9,0,True,False
1992,560,4,0,True,False
1992,584,6,0,True,False
1992,585,18,1,True,True
1992,586,13,0,True,False
1992,591,4,1,True,True
1992,592,21,0,True,False
1992,606,1,1,True,True
1992,609,4,0,True,False
1992,611,2,1,True,True
1992,618,15,3,True,True
1992,628,27,3,True,True
1992,629,2,0,True,False
1992,634,2,0,True,False
1992,638,1,0,True,False
1992,639,4,3,True,True
1992,644,27,3,True,True
1992,668,23,0,True,False
1992,672,2,1,True,True
1992,687,5,4,True,True
1992,688,3,3,True,True
1992,696,1,0,True,False
1992,704,1,1,True,True
1992,708,5,0,True,False
1992,709,22,3,True,True
1992,712,9,0,True,False
1992,718,5,1,True,True
1992,719,6,2,True,True
1992,727,22,0,True,False
1992,728,27,0,True,False
1992,729,27,0,True,False
1992,730,17,0,True,False
1992,731,10,0,True,False
1992,733,3,0,True,False
1992,741,21,3,True,True
1992,742,5,0,True,False
1992,743,5,0,True,False
1992,755,1,1,True,True
1992,761,20,0,True,False
1992,764,3,0,True,False
1992,766,27,0,True,False
1992,786,21,3,True,True
1992,795,21,7,True,True
1993,10,1,0,True,False
1993,14,2,0,True,False
1993,32,1,0,True,False
1993,53,1,0,True,False
1993,81,2,2,True,True
1993,82,1,0,True,False
1993,104,1,0,True,False
1993,116,2,0,True,False
1993,145,1,0,True,False
1993,151,1,0,True,False
1993,152,3,0,True,False
1993,173,2,0,True,False
1993,183,2,0,True,False
1993,190,2,0,True,False
1993,199,1,0,True,False
1993,228,1,0,True,False
1993,236,22,1,True,True
1993,239,1,0,True,False
1993,240,1,0,True,False
1993,242,2,0,True,False
1993,243,2,0,True,False
1993,261,1,0,True,False
1993,262,1,0,True,False
1993,264,3,0,True,False
1993,283,4,2,True,True
1993,289,4,0,True,False
1993,290,4,0,True,False
1993,307,4,0,True,False
1993,316,2,1,True,True
1993,323,2,0,True,False
1993,338,3,0,True,False
1993,339,2,0,True,False
1993,340,3,0,True,False
1993,341,3,0,True,False
1993,342,4,0,True,False
1993,348,3,0,True,False
1993,349,1,0,True,False
1993,350,1,0,True,False
1993,353,25,0,True,False
1993,362,5,0,True,False
1993,374,2,0,True,False
1993,375,2,0,True,False
1993,377,5,1,True,True
1993,388,16,0,True,False
1993,414,3,0,True,False
1993,419,2,0,True,False
1993,420,2,0,True,False
1993,423,4,0,True,False
1993,434,25,0,True,False
1993,435,25,0,True,False
1993,456,5,0,True,False
1993,463,1,0,True,False
1993,468,18,2,True,True
1993,469,15,14,True,True
1993,481,1,0,True,False
1993,482,1,0,True,False
1993,505,3,0,True,False
1993,512,5,0,True,False
1993,525,1,0,True,False
1993,534,1,0,True,False
1993,536,2,0,True,False
1993,537,4,0,True,False
1993,538,26,1,True,True
1993,540,27,0,True,False
1993,541,5,5,True,True
1993,542,3,0,True,False
1993,543,2,0,True,False
1993,556,12,0,True,False
1993,560,4,0,True,False
1993,572,3,0,True,False
1993,584,3,0,True,False
1993,585,17,5,True,True
1993,586,13,0,True,False
1993,591,5,1,True,True
1993,592,25,0,True,False
1993,606,1,1,True,True
1993,609,5,0,True,False
1993,611,2,2,True,True
1993,618,18,1,True,True
1993,627,3,0,True,False
1993,628,27,3,True,True
1993,634,2,0,True,False
1993,638,1,0,True,False
1993,639,5,2,True,True
1993,644,27,3,True,True
1993,668,25,0,True,False
1993,672,1,0,True,False
1993,687,5,2,True,True
1993,688,4,2,True,True
1993,696,2,0,True,False
1993,704,1,1,True,True
1993,708,3,0,True,False
1993,709,20,2,True,True
1993,712,11,0,True,False
1993,718,6,1,True,True
1993,719,5,1,True,True
1993,727,24,1,True,True
1993,728,27,0,True,False
1993,729,27,0,True,False
1993,730,10,0,True,False
1993,731,16,0,True,False
1993,733,3,0,True,False
1993,741,22,3,True,True
1993,742,5,0,True,False
1993,743,4,0,True,False
1993,753,1,0,True,False
1993,755,1,1,True,True
1993,761,22,1,True,True
1993,764,5,0,True,False
1993,766,27,0,True,False
1993,786,19,2,True,True
1993,795,22,2,True,True
1995,1,1,0,True,False
1995,10,1,0,True,False
1995,29,1,0,True,False
1995,32,1,0,True,False
1995,53,1,0,True,False
1995,59,1,0,True,False
1995,60,1,0,True,False
1995,66,1,1,True,True
1995,67,1,0,True,False
1995,81,2,1,True,True
1995,82,1,0,True,False
1995,116,2,0,True,False
1995,123,1,0,True,False
1995,145,1,0,True,False
1995,151,1,0,True,False
1995,190,1,0,True,False
1995,198,1,1,True,True
1995,199,1,1,True,True
1995,228,1,0,True,False
1995,236,19,4,True,True
1995,239,1,0,True,False
1995,240,1,0,True,False
1995,246,1,0,True,False
1995,261,1,0,True,False
1995,262,1,0,True,False
1995,283,3,0,True,False
1995,289,6,0,True,False
1995,290,6,0,True,False
1995,353,24,0,True,False
1995,377,3,0,True,False
1995,385,1,1,True,True
1995,388,14,0,True,False
1995,434,24,0,True,False
1995,435,24,0,True,False
1995,468,20,7,True,True
1995,469,16,14,True,True
1995,481,1,0,True,False
1995,482,1,0,True,False
1995,499,4,0,True,False
1995,502,1,1,True,True
1995,512,7,0,True,False
1995,531,1,0,True,False
1995,534,1,0,True,False
1995,536,2,0,True,False
1995,538,24,0,True,False
1995,540,26,0,True,False
1995,541,8,8,True,True
1995,556,11,0,True,False
1995,584,6,0,True,False
1995,585,10,1,True,True
1995,586,13,0,True,False
1995,591,6,6,True,True
1995,592,24,0,True,False
1995,606,1,1,True,True
1995,611,3,0,True,False
1995,618,17,1,True,True
1995,619,1,0,True,False
1995,628,26,2,True,True
1995,629,1,0,True,False
1995,634,1,0,True,False
1995,638,1,0,True,False
1995,644,26,2,True,True
1995,668,20,0,True,False
1995,672,1,0,True,False
1995,675,1,1,True,True
1995,696,1,0,True,False
1995,704,1,1,True,True
1995,708,5,0,True,False
1995,709,17,2,True,True
1995,712,10,0,True,False
1995,718,6,2,True,True
1995,719,7,3,True,True
1995,727,21,0,True,False
1995,728,26,0,True,False
1995,729,26,0,True,False
1995,730,8,0,True,False
1995,731,16,0,True,False
1995,732,1,0,True,False
1995,733,3,0,True,False
1995,741,20,2,True,True
1995,742,7,0,True,False
1995,750,6,0,True,False
1995,753,1,0,True,False
1995,755,1,1,True,True
1995,761,19,0,True,False
1995,764,5,5,True,True
1995,766,26,0,True,False
1995,781,2,0,True,False
1995,782,5,0,True,False
1995,786,17,2,True,True
1995,795,22,5,True,True
1996,14,2,0,True,False
1996,36,2,0,True,False
1996,38,1,1,True,True
1996,48,1,0,True,False
1996,53,1,0,True,False
1996,81,2,1,True,True
1996,87,1,0,True,False
1996,99,1,0,True,False
1996,104,1,0,True,False
1996,110,1,0,True,False
1996,116,1,0,True,False
1996,145,1,0,True,False
1996,151,1,0,True,False
1996,152,4,0,True,False
1996,173,2,0,True,False
1996,183,3,0,True,False
1996,199,1,1,True,True
1996,236,15,1,True,True
1996,242,2,0,True,False
1996,243,2,0,True,False
1996,256,1,0,True,False
1996,261,1,0,True,False
1996,269,1,0,True,False
1996,272,1,0,True,False
1996,282,1,1,True,True
1996,283,3,0,True,False
1996,289,1,0,True,False
1996,290,1,0,True,False
1996,307,4,0,True,False
1996,316,3,1,True,True
1996,323,3,1,True,True
1996,338,1,0,True,False
1996,339,2,0,True,False
1996,340,2,0,True,False
1996,341,1,0,True,False
1996,342,3,0,True,False
1996,349,3,2,True,True
1996,350,3,2,True,True
1996,353,20,0,True,False
1996,362,6,0,True,False
1996,374,2,0,True,False
1996,375,2,0,True,False
1996,377,4,0,True,False
1996,388,12,0,True,False
1996,414,3,0,True,False
1996,423,5,0,True,False
1996,434,16,1,True,True
1996,435,16,1,True,True
1996,456,4,0,True,False
1996,463,2,0,True,False
1996,468,13,2,True,True
1996,469,11,10,True,True
1996,482,1,0,True,False
1996,487,1,0,True,False
1996,499,4,0,True,False
1996,502,2,0,True,False
1996,505,3,0,True,False
1996,512,3,1,True,True
1996,525,2,0,True,False
1996,528,1,0,True,False
1996,536,2,0,True,False
1996,537,5,0,True,False
1996,538,23,2,True,True
1996,540,29,0,True,False
1996,541,2,2,True,True
1996,542,1,0,True,False
1996,543,2,0,True,False
1996,556,5,0,True,False
1996,560,4,0,True,False
1996,572,4,2,True,True
1996,584,2,0,True,False
1996,585,21,4,True,True
1996,586,21,3,True,True
1996,591,5,1,True,True
1996,592,17,0,True,False
1996,606,1,1,True,True
1996,609,5,0,True,False
1996,611,2,2,True,True
1996,618,15,0,True,False
1996,619,2,0,True,False
1996,625,1,1,True,True
1996,627,4,0,True,False
1996,628,29,9,True,True
1996,634,1,0,True,False
1996,638,1,0,True,False
1996,639,5,0,True,False
1996,644,29,9,True,True
1996,658,1,1,True,True
1996,659,1,1,True,True
1996,668,17,0,True,False
1996,675,2,0,True,False
1996,687,5,0,True,False
1996,688,2,0,True,False
1996,704,1,1,True,True
1996,708,1,0,True,False
1996,709,28,8,True,True
1996,712,7,0,True,False
1996,727,25,2,True,True
1996,728,29,0,True,False
1996,729,29,0,True,False
1996,730,16,0,True,False
1996,731,7,0,True,False
1996,732,2,0,True,False
1996,733,3,0,True,False
1996,741,22,9,True,True
1996,742,5,0,True,False
1996,753,3,1,True,True
1996,755,1,1,True,True
1996,761,26,2,True,True
1996,764,4,0,True,False
1996,766,29,0,True,False
1996,781,4,0,True,False
1996,782,3,0,True,False
1996,786,28,8,True,True
1996,795,18,2,True,True
1997,10,1,0,True,False
1997,14,1,0,True,False
1997,25,2,0,True,False
1997,32,1,0,True,False
1997,53,1,0,True,False
1997,81,3,3,True,True
1997,82,2,0,True,False
1997,104,1,0,True,False
1997,116,2,0,True,False
1997,145,1,0,True,False
1997,151,1,0,True,False
1997,183,1,0,True,False
1997,199,1,0,True,False
1997,228,1,0,True,False
1997,236,16,5,True,True
1997,239,1,0,True,False
1997,240,1,0,True,False
1997,242,1,0,True,False
1997,243,1,0,True,False
1997,261,1,0,True,False
1997,262,1,0,True,False
1997,283,3,1,True,True
1997,289,4,0,True,False
1997,290,4,0,True,False
1997,316,2,0,True,False
1997,338,4,0,True,False
1997,339,2,0,True,False
1997,340,2,0,True,False
1997,341,1,0,True,False
1997,342,3,0,True,False
1997,349,1,1,True,True
1997,350,1,1,True,True
1997,353,18,0,True,False
1997,362,1,0,True,False
1997,377,5,0,True,False
1997,388,11,0,True,False
1997,423,6,0,True,False
1997,434,16,0,True,False
1997,435,16,0,True,False
1997,456,1,0,True,False
1997,463,1,0,True,False
1997,468,15,6,True,True
1997,469,12,10,True,True
1997,481,1,0,True,False
1997,482,1,0,True,False
1997,502,1,0,True,False
1997,512,5,0,True,False
1997,534,1,0,True,False
1997,536,2,0,True,False
1997,538,21,0,True,False
1997,540,26,0,True,False
1997,541,6,6,True,True
1997,556,6,0,True,False
1997,560,4,0,True,False
1997,584,4,0,True,False
1997,585,12,1,True,True
1997,586,7,0,True,False
1997,591,6,2,True,True
1997,592,16,0,True,False
1997,606,1,1,True,True
1997,609,4,0,True,False
1997,611,4,3,True,True
1997,618,13,3,True,True
1997,627,1,0,True,False
1997,628,26,5,True,True
1997,634,2,0,True,False
1997,638,1,0,True,False
1997,639,4,0,True,False
1997,644,26,5,True,True
1997,668,16,0,True,False
1997,687,4,1,True,True
1997,688,3,0,True,False
1997,696,2,0,True,False
1997,704,1,1,True,True
1997,708,3,0,True,False
1997,709,21,5,True,True
1997,712,6,0,True,False
1997,718,5,1,True,True
1997,719,7,3,True,True
1997,727,19,0,True,False
1997,728,26,0,True,False
1997,729,26,0,True,False
1997,730,10,0,True,False
1997,731,7,0,True,False
1997,733,5,0,True,False
1997,741,20,5,True,True
1997,742,5,0,True,False
1997,743,5,0,True,False
1997,755,1,1,True,True
1997,761,19,0,True,False
1997,764,5,1,True,True
1997,766,26,0,True,False
1997,786,21,5,True,True
1997,795,17,6,True,True
1998,1,1,0,True,False
1998,10,1,0,True,False
1998,14,1,0,True,False
1998,29,1,0,True,False
1998,32,1,0,True,False
1998,53,1,0,True,False
1998,66,1,1,True,True
1998,67,1,0,True,False
1998,81,3,2,True,True
1998,82,2,0,True,False
1998,104,1,0,True,False
1998,116,3,0,True,False
1998,123,1,0,True,False
1998,145,1,0,True,False
1998,151,1,0,True,False
1998,173,3,0,True,False
1998,183,2,0,True,False
1998,190,2,0,True,False
1998,198,1,0,True,False
1998,199,1,0,True,False
1998,228,1,0,True,False
1998,236,22,7,True,True
1998,239,1,0,True,False
1998,240,1,0,True,False
1998,246,2,0,True,False
1998,261,1,0,True,False
1998,262,1,0,True,False
1998,283,4,2,True,True
1998,289,5,0,True,False
1998,290,5,0,True,False
1998,307,4,0,True,False
1998,316,2,0,True,False
1998,338,1,0,True,False
1998,339,2,0,True,False
1998,340,2,0,True,False
1998,342,4,0,True,False
1998,353,24,0,True,False
1998,362,5,0,True,False
1998,374,1,0,True,False
1998,375,3,0,True,False
1998,377,5,0,True,False
1998,388,16,0,True,False
1998,414,2,0,True,False
1998,423,5,0,True,False
1998,434,23,0,True,False
1998,435,23,0,True,False
1998,456,4,0,True,False
1998,463,2,0,True,False
1998,468,18,6,True,True
1998,469,17,15,True,True
1998,481,1,0,True,False
1998,482,1,0,True,False
1998,499,5,0,True,False
1998,502,1,1,True,True
1998,512,6,0,True,False
1998,525,1,0,True,False
1998,534,1,0,True,False
1998,536,2,0,True,False
1998,537,4,0,True,False
1998,538,23,1,True,True
1998,540,26,0,True,False
1998,541,7,7,True,True
1998,542,2,0,True,False
1998,543,2,0,True,False
1998,556,9,0,True,False
1998,560,3,0,True,False
1998,584,6,0,True,False
1998,585,18,0,True,False
1998,586,12,0,True,False
1998,591,6,1,True,True
1998,592,24,0,True,False
1998,606,1,1,True,True
1998,609,5,0,True,False
1998,611,2,1,True,True
1998,618,17,2,True,True
1998,619,1,0,True,False
1998,627,4,0,True,False
1998,628,26,0,True,False
1998,629,2,0,True,False
1998,634,2,0,True,False
1998,638,1,0,True,False
1998,639,5,3,True,True
1998,644,26,0,True,False
1998,668,23,0,True,False
1998,672,2,0,True,False
1998,675,1,1,True,True
1998,687,5,4,True,True
1998,688,4,3,True,True
1998,696,2,0,True,False
1998,704,1,1,True,True
1998,708,4,0,True,False
1998,709,21,0,True,False
1998,712,8,0,True,False
1998,718,6,1,True,True
1998,719,7,2,True,True
1998,727,22,2,True,True
1998,728,26,0,True,False
1998,729,26,0,True,False
1998,730,15,0,True,False
1998,731,12,0,True,False
1998,732,1,0,True,False
1998,733,4,0,True,False
1998,741,20,0,True,False
1998,742,5,0,True,False
1998,753,1,0,True,False
1998,755,1,1,True,True
1998,761,20,2,True,True
1998,764,5,0,True,False
1998,766,26,0,True,False
1998,781,6,1,True,True
1998,782,6,1,True,True
1998,786,21,0,True,False
1998,795,22,7,True,True
1999,1,1,0,True,False
1999,3,2,0,True,False
1999,6,1,0,True,False
1999,7,1,0,True,False
1999,10,1,0,True,False
1999,14,1,0,True,False
1999,15,1,0,True,False
1999,16,1,0,True,False
1999,17,1,0,True,False
1999,20,1,0,True,False
1999,25,1,0,True,False
1999,39,1,0,True,False
1999,87,1,0,True,False
1999,104,1,0,True,False
1999,110,1,0,True,False
1999,141,1,0,True,False
1999,145,1,0,True,False
1999,151,1,0,True,False
1999,183,1,0,True,False
1999,228,1,0,True,False
1999,236,18,6,True,True
1999,239,1,0,True,False
1999,242,2,0,True,False
1999,243,2,0,True,False
1999,261,1,0,True,False
1999,262,1,0,True,False
1999,269,1,0,True,False
1999,272,1,0,True,False
1999,282,1,1,True,True
1999,283,5,2,True,True
1999,289,4,0,True,False
1999,290,4,0,True,False
1999,316,1,0,True,False
1999,338,3,0,True,False
1999,339,2,0,True,False
1999,340,2,0,True,False
1999,342,3,0,True,False
1999,348,1,0,True,False
1999,353,24,0,True,False
1999,362,3,0,True,False
1999,385,1,0,True,False
1999,388,10,0,True,False
1999,396,1,0,True,False
1999,410,1,0,True,False
1999,411,1,0,True,False
1999,414,1,0,True,False
1999,420,1,0,True,False
1999,423,5,0,True,False
1999,434,20,0,True,False
1999,435,20,0,True,False
1999,468,19,9,True,True
1999,469,13,10,True,True
1999,481,1,0,True,False
1999,482,1,0,True,False
1999,487,1,0,True,False
1999,512,5,0,True,False
1999,513,2,0,True,False
1999,528,1,0,True,False
1999,536,2,1,True,True
1999,538,25,1,True,True
1999,540,27,0,True,False
1999,541,4,4,True,True
1999,556,9,0,True,False
1999,560,5,0,True,False
1999,572,1,0,True,False
1999,584,4,0,True,False
1999,585,15,1,True,True
1999,586,8,0,True,False
1999,591,5,1,True,True
1999,592,21,0,True,False
1999,606,1,1,True,True
1999,609,5,0,True,False
1999,611,2,1,True,True
1999,618,12,0,True,False
1999,625,1,1,True,True
1999,627,4,0,True,False
1999,628,27,4,True,True
1999,634,4,0,True,False
1999,639,6,4,True,True
1999,644,27,4,True,True
1999,658,1,1,True,True
1999,659,1,1,True,True
1999,668,21,0,True,False
1999,672,1,1,True,True
1999,687,5,4,True,True
1999,688,5,3,True,True
1999,708,3,0,True,False
1999,709,19,2,True,True
1999,712,6,0,True,False
1999,718,6,1,True,True
1999,719,6,1,True,True
1999,727,24,1,True,True
1999,728,27,0,True,False
1999,729,27,0,True,False
1999,730,14,0,True,False
1999,731,10,0,True,False
1999,733,4,0,True,False
1999,741,18,4,True,True
1999,742,6,0,True,False
1999,743,5,0,True,False
1999,761,22,1,True,True
1999,764,5,0,True,False
1999,766,27,0,True,False
1999,786,19,2,True,True
1999,795,16,4,True,True
1999,799,2,0,True,False
2000,1,1,0,True,False
2000,10,1,0,True,False
2000,29,1,0,True,False
2000,32,1,0,True,False
2000,53,1,0,True,False
2000,60,1,0,True,False
2000,81,2,2,True,True
2000,82,1,0,True,False
2000,110,1,0,True,False
2000,116,1,0,True,False
2000,145,1,0,True,False
2000,151,1,0,True,False
2000,173,1,0,True,False
2000,190,1,0,True,False
2000,199,1,1,True,True
2000,203,1,0,True,False
2000,204,1,0,True,False
2000,228,1,0,True,False
2000,236,23,2,True,True
2000,239,1,0,True,False
2000,240,1,0,True,False
2000,244,1,0,True,False
2000,245,1,0,True,False
2000,261,1,0,True,False
2000,262,1,0,True,False
2000,283,4,1,True,True
2000,289,7,0,True,False
2000,290,7,0,True,False
2000,353,23,0,True,False
2000,362,2,0,True,False
2000,374,1,0,True,False
2000,375,1,0,True,False
2000,377,5,1,True,True
2000,385,1,1,True,True
2000,388,19,0,True,False
2000,434,23,0,True,False
2000,435,23,0,True,False
2000,456,4,0,True,False
2000,468,21,4,True,True
2000,469,22,20,True,True
2000,481,1,0,True,False
2000,482,1,0,True,False
2000,499,5,1,True,True
2000,502,1,1,True,True
2000,512,9,0,True,False
2000,525,2,0,True,False
2000,531,1,0,True,False
2000,534,1,0,True,False
2000,536,2,0,True,False
2000,537,1,0,True,False
2000,538,23,1,True,True
2000,540,26,0,True,False
2000,541,9,9,True,True
2000,542,2,0,True,False
2000,543,1,0,True,False
2000,556,10,0,True,False
2000,584,8,0,True,False
2000,585,14,1,True,True
2000,586,16,0,True,False
2000,591,6,6,True,True
2000,592,23,0,True,False
2000,606,1,1,True,True
2000,611,1,0,True,False
2000,618,19,0,True,False
2000,619,1,0,True,False
2000,627,5,0,True,False
2000,628,26,0,True,False
2000,634,1,0,True,False
2000,638,1,0,True,False
2000,644,26,0,True,False
2000,668,21,0,True,False
2000,672,1,0,True,False
2000,675,1,1,True,True
2000,704,1,1,True,True
2000,708,5,0,True,False
2000,709,18,0,True,False
2000,712,13,0,True,False
2000,718,7,1,True,True
2000,719,7,1,True,True
2000,727,20,1,True,True
2000,728,26,0,True,False
2000,729,26,0,True,False
2000,730,11,0,True,False
2000,731,12,0,True,False
2000,732,1,0,True,False
2000,733,4,0,True,False
2000,741,21,0,True,False
2000,742,5,0,True,False
2000,750,6,1,True,True
2000,753,1,0,True,False
2000,755,1,1,True,True
2000,761,17,1,True,True
2000,764,5,5,True,True
2000,766,26,0,True,False
2000,781,4,1,True,True
2000,782,6,2,True,True
2000,786,18,0,True,False
2000,795,22,1,True,True
2002,10,1,0,True,False
2002,25,1,0,True,False
2002,26,1,0,True,False
2002,32,1,0,True,False
2002,53,1,0,True,False
2002,59,1,0,True,False
2002,60,1,0,True,False
2002,66,1,1,True,True
2002,67,1,0,True,False
2002,81,2,1,True,True
2002,82,1,0,True,False
2002,110,1,0,True,False
2002,116,2,0,True,False
2002,151,1,0,True,False
2002,190,1,0,True,False
2002,199,1,1,True,True
2002,228,1,0,True,False
2002,236,20,0,True,False
2002,261,1,0,True,False
2002,262,1,0,True,False
2002,283,4,1,True,True
2002,289,8,0,True,False
2002,290,8,0,True,False
2002,353,21,0,True,False
2002,377,3,0,True,False
2002,385,1,1,True,True
2002,388,19,0,True,False
2002,434,21,0,True,False
2002,435,21,0,True,False
2002,468,14,0,True,False
2002,469,17,17,True,True
2002,481,1,0,True,False
2002,482,1,0,True,False
2002,499,5,1,True,True
2002,502,1,1,True,True
2002,512,9,0,True,False
2002,531,1,0,True,False
2002,534,1,0,True,False
2002,536,2,0,True,False
2002,538,21,3,True,True
2002,540,26,0,True,False
2002,541,12,12,True,True
2002,556,9,0,True,False
2002,584,8,0,True,False
2002,585,11,0,True,False
2002,586,20,0,True,False
2002,591,3,3,True,True
2002,592,21,0,True,False
2002,606,1,1,True,True
2002,611,3,1,True,True
2002,618,20,0,True,False
2002,619,1,0,True,False
2002,628,26,5,True,True
2002,634,1,0,True,False
2002,638,1,0,True,False
2002,644,26,5,True,True
2002,668,20,0,True,False
2002,672,1,0,True,False
2002,675,1,1,True,True
2002,704,1,1,True,True
2002,708,6,0,True,False
2002,709,17,5,True,True
2002,712,18,0,True,False
2002,718,6,2,True,True
2002,719,6,2,True,True
2002,727,20,4,True,True
2002,728,26,0,True,False
2002,729,26,0,True,False
2002,730,8,0,True,False
2002,731,8,0,True,False
2002,732,1,0,True,False
2002,733,3,0,True,False
2002,741,19,5,True,True
2002,742,6,1,True,True
2002,750,4,0,True,False
2002,753,1,0,True,False
2002,755,1,1,True,True
2002,761,17,4,True,True
2002,764,3,3,True,True
2002,766,26,0,True,False
2002,781,2,0,True,False
2002,782,5,1,True,True
2002,786,17,5,True,True
2002,795,22,0,True,False
2003,10,1,0,True,False
2003,32,1,0,True,False
2003,36,1,0,True,False
2003,48,2,0,True,False
2003,60,1,1,True,True
2003,82,1,0,True,False
2003,104,1,0,True,False
2003,145,1,0,True,False
2003,151,1,0,True,False
2003,173,2,0,True,False
2003,190,1,1,True,True
2003,199,1,1,True,True
2003,228,1,0,True,False
2003,236,16,4,True,True
2003,239,1,0,True,False
2003,240,1,0,True,False
2003,261,1,0,True,False
2003,262,1,0,True,False
2003,283,4,1,True,True
2003,289,3,0,True,False
2003,290,3,0,True,False
2003,349,1,1,True,True
2003,350,1,1,True,True
2003,353,24,0,True,False
2003,362,3,1,True,True
2003,375,1,0,True,False
2003,377,5,1,True,True
2003,388,10,0,True,False
2003,434,19,0,True,False
2003,435,19,0,True,False
2003,456,4,0,True,False
2003,468,17,4,True,True
2003,469,12,10,True,True
2003,481,1,0,True,False
2003,482,1,0,True,False
2003,499,6,2,True,True
2003,502,2,2,True,True
2003,512,4,0,True,False
2003,531,1,1,True,True
2003,534,1,0,True,False
2003,536,2,0,True,False
2003,537,2,0,True,False
2003,538,24,0,True,False
2003,540,27,0,True,False
2003,541,5,5,True,True
2003,542,1,0,True,False
2003,543,2,0,True,False
2003,556,10,0,True,False
2003,584,4,0,True,False
2003,585,19,6,True,True
2003,586,10,0,True,False
2003,592,21,0,True,False
2003,606,1,1,True,True
2003,618,12,2,True,True
2003,619,2,0,True,False
2003,627,4,1,True,True
2003,628,27,3,True,True
2003,634,1,0,True,False
2003,638,1,0,True,False
2003,644,27,3,True,True
2003,668,20,0,True,False
2003,675,2,2,True,True
2003,704,1,1,True,True
2003,708,2,0,True,False
2003,709,22,3,True,True
2003,712,6,0,True,False
2003,718,6,2,True,True
2003,719,6,2,True,True
2003,727,24,0,True,False
2003,728,27,0,True,False
2003,729,27,0,True,False
2003,730,13,0,True,False
2003,731,12,0,True,False
2003,733,4,0,True,False
2003,741,21,3,True,True
2003,750,6,2,True,True
2003,761,23,0,True,False
2003,766,27,0,True,False
2003,781,5,1,True,True
2003,782,5,1,True,True
2003,786,22,3,True,True
2003,795,18,5,True,True
2004,6,1,0,True,False
2004,7,1,0,True,False
2004,10,1,0,True,False
2004,14,1,0,True,False
2004,15,1,0,True,False
2004,16,1,0,True,False
2004,17,1,0,True,False
2004,32,1,0,True,False
2004,39,1,0,True,False
2004,53,1,0,True,False
2004,60,1,0,True,False
2004,81,1,1,True,True
2004,87,1,0,True,False
2004,99,1,0,True,False
2004,104,1,0,True,False
2004,110,1,0,True,False
2004,116,1,0,True,False
2004,141,1,0,True,False
2004,145,1,0,True,False
2004,151,1,0,True,False
2004,152,2,0,True,False
2004,173,2,0,True,False
2004,183,3,0,True,False
2004,199,1,1,True,True
2004,228,1,0,True,False
2004,236,23,9,True,True
2004,261,1,0,True,False
2004,262,1,0,True,False
2004,269,1,0,True,False
2004,272,1,0,True,False
2004,282,1,1,True,True
2004,283,4,1,True,True
2004,289,4,0,True,False
2004,290,4,0,True,False
2004,307,3,0,True,False
2004,316,3,0,True,False
2004,323,2,1,True,True
2004,338,2,0,True,False
2004,339,1,0,True,False
2004,340,3,0,True,False
2004,341,2,0,True,False
2004,342,3,0,True,False
2004,349,2,2,True,True
2004,350,2,2,True,True
2004,353,25,0,True,False
2004,362,6,0,True,False
2004,374,1,0,True,False
2004,375,2,0,True,False
2004,377,5,0,True,False
2004,385,1,1,True,True
2004,388,17,0,True,False
2004,396,1,0,True,False
2004,410,1,0,True,False
2004,411,1,0,True,False
2004,414,3,0,True,False
2004,423,5,0,True,False
2004,434,25,0,True,False
2004,435,25,0,True,False
2004,456,5,0,True,False
2004,463,2,0,True,False
2004,468,18,5,True,True
2004,469,13,10,True,True
2004,481,1,0,True,False
2004,482,1,0,True,False
2004,487,1,0,True,False
2004,499,5,0,True,False
2004,502,1,1,True,True
2004,512,5,0,True,False
2004,525,2,0,True,False
2004,528,1,0,True,False
2004,536,2,0,True,False
2004,537,5,0,True,False
2004,538,26,0,True,False
2004,540,27,0,True,False
2004,541,6,5,True,True
2004,542,1,0,True,False
2004,543,2,0,True,False
2004,556,11,0,True,False
2004,560,5,0,True,False
2004,572,3,1,True,True
2004,584,4,0,True,False
2004,585,18,3,True,True
2004,586,13,0,True,False
2004,591,5,1,True,True
2004,592,25,0,True,False
2004,606,1,1,True,True
2004,609,5,0,True,False
2004,611,2,1,True,True
2004,618,20,7,True,True
2004,619,1,0,True,False
2004,625,1,1,True,True
2004,627,4,0,True,False
2004,628,27,2,True,True
2004,634,1,0,True,False
2004,638,1,0,True,False
2004,639,6,3,True,True
2004,644,27,2,True,True
2004,658,1,1,True,True
2004,659,1,1,True,True
2004,668,25,0,True,False
2004,675,1,1,True,True
2004,687,5,3,True,True
2004,688,5,2,True,True
2004,704,1,1,True,True
2004,708,3,0,True,False
2004,709,19,0,True,False
2004,712,9,0,True,False
2004,718,6,0,True,False
2004,719,7,1,True,True
2004,727,24,0,True,False
2004,728,27,0,True,False
2004,729,27,0,True,False
2004,730,13,0,True,False
2004,731,15,0,True,False
2004,732,1,0,True,False
2004,733,4,0,True,False
2004,741,21,2,True,True
2004,742,6,0,True,False
2004,753,2,0,True,False
2004,755,1,1,True,True
2004,761,22,0,True,False
2004,764,5,0,True,False
2004,766,27,0,True,False
2004,781,6,0,True,False
2004,782,6,1,True,True
2004,786,19,0,True,False
2004,795,23,9,True,True
2005,1,1,0,True,False
2005,2,1,0,True,False
2005,6,1,0,True,False
2005,10,1,0,True,False
2005,14,2,0,True,False
2005,15,1,0,True,False
2005,16,1,0,True,False
2005,17,1,0,True,False
2005,20,1,0,True,False
2005,32,1,0,True,False
2005,39,1,0,True,False
2005,53,1,0,True,False
2005,60,1,0,True,False
2005,87,1,0,True,False
2005,110,1,0,True,False
2005,141,1,0,True,False
2005,151,1,0,True,False
2005,152,2,0,True,False
2005,173,1,0,True,False
2005,183,2,0,True,False
2005,199,1,1,True,True
2005,228,1,0,True,False
2005,236,19,2,True,True
2005,239,1,0,True,False
2005,240,1,0,True,False
2005,256,1,0,True,False
2005,261,1,0,True,False
2005,269,1,0,True,False
2005,272,1,0,True,False
2005,282,1,1,True,True
2005,283,3,0,True,False
2005,289,4,0,True,False
2005,290,4,0,True,False
2005,307,2,0,True,False
2005,316,3,1,True,True
2005,323,2,1,True,True
2005,338,1,0,True,False
2005,339,2,0,True,False
2005,340,2,0,True,False
2005,341,2,0,True,False
2005,342,3,0,True,False
2005,353,23,0,True,False
2005,362,2,0,True,False
2005,377,5,1,True,True
2005,385,1,1,True,True
2005,388,17,0,True,False
2005,410,1,0,True,False
2005,411,1,0,True,False
2005,414,1,0,True,False
2005,423,5,0,True,False
2005,434,19,1,True,True
2005,435,19,1,True,True
2005,456,4,0,True,False
2005,463,2,0,True,False
2005,468,19,6,True,True
2005,469,16,14,True,True
2005,481,1,0,True,False
2005,482,1,0,True,False
2005,487,1,0,True,False
2005,499,5,1,True,True
2005,502,1,1,True,True
2005,512,7,1,True,True
2005,528,1,0,True,False
2005,531,1,0,True,False
2005,536,1,0,True,False
2005,537,1,0,True,False
2005,538,25,0,True,False
2005,540,27,0,True,False
2005,541,6,5,True,True
2005,543,1,0,True,False
2005,556,11,0,True,False
2005,560,4,0,True,False
2005,572,2,1,True,True
2005,584,3,0,True,False
2005,585,17,1,True,True
2005,586,15,0,True,False
2005,591,6,1,True,True
2005,592,20,0,True,False
2005,606,1,1,True,True
2005,609,6,0,True,False
2005,611,2,1,True,True
2005,618,17,1,True,True
2005,619,1,0,True,False
2005,625,1,1,True,True
2005,627,3,0,True,False
2005,628,27,4,True,True
2005,634,1,0,True,False
2005,638,1,0,True,False
2005,639,5,3,True,True
2005,644,27,4,True,True
2005,658,1,1,True,True
2005,659,1,1,True,True
2005,668,19,0,True,False
2005,675,1,1,True,True
2005,687,5,4,True,True
2005,688,4,3,True,True
2005,704,1,1,True,True
2005,708,3,0,True,False
2005,709,23,2,True,True
2005,712,13,0,True,False
2005,718,6,2,True,True
2005,719,6,2,True,True
2005,727,24,0,True,False
2005,728,27,0,True,False
2005,729,27,0,True,False
2005,730,13,0,True,False
2005,731,13,0,True,False
2005,732,2,0,True,False
2005,733,4,0,True,False
2005,741,21,4,True,True
2005,742,6,0,True,False
2005,753,2,0,True,False
2005,755,1,1,True,True
2005,761,18,0,True,False
2005,764,3,0,True,False
2005,766,27,0,True,False
2005,781,5,1,True,True
2005,782,5,1,True,True
2005,786,23,2,True,True
2005,795,21,3,True,True
2006,1,1,0,True,False
2006,7,1,0,True,False
2006,9,1,0,True,False
2006,10,1,0,True,False
2006,32,1,0,True,False
2006,35,1,0,True,False
2006,36,3,0,True,False
2006,53,1,0,True,False
2006,81,1,1,True,True
2006,99,2,0,True,False
2006,104,1,0,True,False
2006,110,1,0,True,False
2006,116,1,0,True,False
2006,151,1,0,True,False
2006,173,2,0,True,False
2006,183,2,0,True,False
2006,190,2,1,True,True
2006,199,1,0,True,False
2006,228,1,0,True,False
2006,236,17,0,True,False
2006,239,1,0,True,False
2006,240,1,0,True,False
2006,242,1,0,True,False
2006,243,1,0,True,False
2006,261,1,0,True,False
2006,272,1,0,True,False
2006,283,4,2,True,True
2006,289,7,0,True,False
2006,290,7,0,True,False
2006,316,5,2,True,True
2006,348,1,0,True,False
2006,353,23,0,True,False
2006,362,2,0,True,False
2006,375,1,0,True,False
2006,377,5,2,True,True
2006,388,15,0,True,False
2006,423,4,0,True,False
2006,434,19,2,True,True
2006,435,19,2,True,True
2006,456,6,0,True,False
2006,468,13,5,True,True
2006,469,13,13,True,True
2006,481,1,0,True,False
2006,482,1,0,True,False
2006,499,5,2,True,True
2006,502,2,0,True,False
2006,512,7,2,True,True
2006,525,1,0,True,False
2006,534,1,0,True,False
2006,536,1,0,True,False
2006,538,26,0,True,False
2006,540,29,0,True,False
2006,541,5,4,True,True
2006,542,1,0,True,False
2006,543,1,0,True,False
2006,556,9,0,True,False
2006,584,4,0,True,False
2006,585,19,0,True,False
2006,586,23,0,True,False
2006,591,4,1,True,True
2006,592,20,0,True,False
2006,606,1,1,True,True
2006,609,4,0,True,False
2006,611,1,1,True,True
2006,618,19,0,True,False
2006,619,1,0,True,False
2006,627,3,0,True,False
2006,628,29,9,True,True
2006,634,2,0,True,False
2006,638,1,0,True,False
2006,644,29,9,True,True
2006,668,22,0,True,False
2006,672,1,0,True,False
2006,675,1,0,True,False
2006,687,5,1,True,True
2006,688,4,1,True,True
2006,704,1,1,True,True
2006,708,4,0,True,False
2006,709,25,8,True,True
2006,712,20,0,True,False
2006,718,5,0,True,False
2006,719,3,0,True,False
2006,727,25,0,True,False
2006,728,29,0,True,False
2006,729,29,0,True,False
2006,730,18,0,True,False
2006,731,9,0,True,False
2006,732,2,1,True,True
2006,733,2,1,True,True
2006,741,22,9,True,True
2006,742,6,0,True,False
2006,753,3,1,True,True
2006,755,1,1,True,True
2006,761,18,0,True,False
2006,764,4,0,True,False
2006,766,29,0,True,False
2006,781,4,2,True,True
2006,782,4,2,True,True
2006,786,25,8,True,True
2006,795,21,0,True,False
2007,10,1,0,True,False
2007,32,1,0,True,False
2007,53,1,0,True,False
2007,60,1,0,True,False
2007,81,1,1,True,True
2007,82,1,0,True,False
2007,104,1,0,True,False
2007,145,1,0,True,False
2007,151,1,0,True,False
2007,173,2,0,True,False
2007,190,1,1,True,True
2007,199,1,1,True,True
2007,228,1,0,True,False
2007,236,19,0,True,False
2007,239,1,0,True,False
2007,240,1,0,True,False
2007,261,1,0,True,False
2007,262,1,0,True,False
2007,283,4,1,True,True
2007,289,8,0,True,False
2007,290,8,0,True,False
2007,349,1,1,True,True
2007,350,1,1,True,True
2007,353,19,0,True,False
2007,362,1,0,True,False
2007,375,1,0,True,False
2007,377,5,0,True,False
2007,385,1,1,True,True
2007,388,20,0,True,False
2007,434,19,0,True,False
2007,435,19,0,True,False
2007,456,2,0,True,False
2007,468,21,3,True,True
2007,469,20,20,True,True
2007,481,1,0,True,False
2007,482,1,0,True,False
2007,499,5,0,True,False
2007,512,11,0,True,False
2007,531,1,0,True,False
2007,534,1,0,True,False
2007,536,2,0,True,False
2007,538,21,1,True,True
2007,540,25,0,True,False
2007,541,17,17,True,True
2007,543,1,0,True,False
2007,556,10,0,True,False
2007,584,9,0,True,False
2007,585,9,0,True,False
2007,586,18,0,True,False
2007,591,6,6,True,True
2007,592,19,0,True,False
2007,606,1,1,True,True
2007,611,3,1,True,True
2007,618,20,0,True,False
2007,628,25,0,True,False
2007,634,1,0,True,False
2007,638,1,0,True,False
2007,644,25,0,True,False
2007,668,19,0,True,False
2007,672,1,0,True,False
2007,696,1,0,True,False
2007,704,1,1,True,True
2007,708,6,0,True,False
2007,709,16,0,True,False
2007,712,17,0,True,False
2007,718,5,0,True,False
2007,719,7,1,True,True
2007,727,19,2,True,True
2007,728,25,0,True,False
2007,729,25,0,True,False
2007,730,5,0,True,False
2007,731,12,0,True,False
2007,732,1,0,True,False
2007,733,3,0,True,False
2007,741,19,0,True,False
2007,742,6,0,True,False
2007,750,6,0,True,False
2007,753,1,0,True,False
2007,755,1,1,True,True
2007,761,14,2,True,True
2007,764,5,5,True,True
2007,766,25,0,True,False
2007,781,3,0,True,False
2007,782,6,1,True,True
2007,786,16,0,True,False
2007,795,20,0,True,False
2009,1,1,0,True,False
2009,2,1,0,True,False
2009,7,1,0,True,False
2009,10,1,0,True,False
2009,14,1,0,True,False
2009,32,1,0,True,False
2009,36,1,0,True,False
2009,38,1,1,True,True
2009,53,1,0,True,False
2009,81,1,1,True,True
2009,82,2,0,True,False
2009,104,1,0,True,False
2009,110,1,0,True,False
2009,116,1,0,True,False
2009,145,1,0,True,False
2009,151,1,0,True,False
2009,183,3,0,True,False
2009,190,2,1,True,True
2009,199,1,0,True,False
2009,236,21,8,True,True
2009,239,1,0,True,False
2009,240,1,0,True,False
2009,261,1,0,True,False
2009,262,1,0,True,False
2009,283,4,2,True,True
2009,289,4,0,True,False
2009,290,4,0,True,False
2009,316,3,1,True,True
2009,353,23,0,True,False
2009,362,3,0,True,False
2009,377,5,2,True,True
2009,388,14,0,True,False
2009,423,5,0,True,False
2009,434,21,0,True,False
2009,435,21,0,True,False
2009,456,5,0,True,False
2009,468,14,5,True,True
2009,469,10,9,True,True
2009,481,1,0,True,False
2009,482,1,0,True,False
2009,499,5,2,True,True
2009,502,1,1,True,True
2009,512,5,0,True,False
2009,525,2,0,True,False
2009,534,1,0,True,False
2009,536,2,0,True,False
2009,538,24,0,True,False
2009,540,27,0,True,False
2009,541,5,5,True,True
2009,556,7,0,True,False
2009,584,5,0,True,False
2009,585,18,2,True,True
2009,586,16,1,True,True
2009,591,5,1,True,True
2009,592,23,0,True,False
2009,606,1,1,True,True
2009,609,5,0,True,False
2009,611,2,1,True,True
2009,618,18,6,True,True
2009,619,1,0,True,False
2009,627,4,0,True,False
2009,628,27,3,True,True
2009,634,2,0,True,False
2009,638,1,0,True,False
2009,644,27,3,True,True
2009,668,22,0,True,False
2009,672,2,0,True,False
2009,675,1,1,True,True
2009,687,5,3,True,True
2009,688,4,2,True,True
2009,696,1,0,True,False
2009,704,1,1,True,True
2009,708,3,0,True,False
2009,709,21,3,True,True
2009,712,8,0,True,False
2009,718,5,0,True,False
2009,719,4,0,True,False
2009,727,23,0,True,False
2009,728,27,0,True,False
2009,729,27,0,True,False
2009,730,14,0,True,False
2009,731,9,0,True,False
2009,732,1,0,True,False
2009,733,3,1,True,True
2009,741,21,3,True,True
2009,742,6,0,True,False
2009,753,2,0,True,False
2009,755,1,1,True,True
2009,761,22,0,True,False
2009,764,5,0,True,False
2009,766,27,0,True,False
2009,781,4,2,True,True
2009,782,4,2,True,True
2009,786,21,3,True,True
2009,795,23,10,True,True
2010,10,1,0,True,False
2010,14,1,0,True,False
2010,15,1,0,True,False
2010,17,1,0,True,False
2010,38,1,1,True,True
2010,39,1,0,True,False
2010,53,1,0,True,False
2010,60,1,1,True,True
2010,81,1,0,True,False
2010,87,1,0,True,False
2010,110,1,0,True,False
2010,141,1,0,True,False
2010,145,1,0,True,False
2010,151,1,0,True,False
2010,183,1,0,True,False
2010,199,1,1,True,True
2010,228,1,0,True,False
2010,236,16,4,True,True
2010,242,1,0,True,False
2010,243,1,0,True,False
2010,261,1,0,True,False
2010,262,1,0,True,False
2010,269,1,0,True,False
2010,282,1,1,True,True
2010,283,3,2,True,True
2010,289,3,0,True,False
2010,290,3,0,True,False
2010,316,2,0,True,False
2010,338,3,0,True,False
2010,339,2,0,True,False
2010,340,2,0,True,False
2010,342,3,0,True,False
2010,353,21,0,True,False
2010,377,4,2,True,True
2010,385,1,1,True,True
2010,388,11,0,True,False
2010,396,1,0,True,False
2010,410,1,0,True,False
2010,414,1,0,True,False
2010,423,6,0,True,False
2010,434,17,0,True,False
2010,435,17,0,True,False
2010,456,2,0,True,False
2010,463,2,0,True,False
2010,468,15,5,True,True
2010,469,10,8,True,True
2010,482,1,0,True,False
2010,487,1,0,True,False
2010,499,4,2,True,True
2010,502,1,1,True,True
2010,512,3,0,True,False
2010,528,1,0,True,False
2010,531,1,1,True,True
2010,536,2,0,True,False
2010,538,22,0,True,False
2010,540,27,0,True,False
2010,541,3,2,True,True
2010,556,6,0,True,False
2010,560,4,0,True,False
2010,584,3,0,True,False
2010,585,16,2,True,True
2010,586,18,0,True,False
2010,591,5,1,True,True
2010,592,17,0,True,False
2010,606,1,1,True,True
2010,609,5,0,True,False
2010,611,3,1,True,True
2010,618,13,2,True,True
2010,619,1,0,True,False
2010,625,1,1,True,True
2010,627,1,0,True,False
2010,628,27,9,True,True
2010,634,1,0,True,False
2010,638,1,0,True,False
2010,639,4,2,True,True
2010,644,27,9,True,True
2010,658,1,1,True,True
2010,668,17,0,True,False
2010,675,1,1,True,True
2010,687,5,4,True,True
2010,688,4,2,True,True
2010,704,1,1,True,True
2010,708,2,0,True,False
2010,709,22,7,True,True
2010,712,6,0,True,False
2010,718,3,0,True,False
2010,719,3,0,True,False
2010,727,23,0,True,False
2010,728,27,0,True,False
2010,729,27,0,True,False
2010,730,7,0,True,False
2010,731,18,0,True,False
2010,732,2,0,True,False
2010,733,4,2,True,True
2010,741,22,9,True,True
2010,742,6,0,True,False
2010,753,1,0,True,False
2010,755,1,1,True,True
2010,761,24,0,True,False
2010,764,3,0,True,False
2010,766,27,0,True,False
2010,781,2,2,True,True
2010,782,5,3,True,True
2010,786,21,7,True,True
2010,795,17,5,True,True
2011,2,1,0,True,False
2011,10,1,0,True,False
2011,14,1,0,True,False
2011,32,1,0,True,False
2011,38,2,2,True,True
2011,53,1,0,True,False
2011,81,2,2,True,True
2011,82,1,0,True,False
2011,104,1,0,True,False
2011,145,1,0,True,False
2011,151,1,0,True,False
2011,173,2,0,True,False
2011,183,3,0,True,False
2011,190,2,0,True,False
2011,199,1,0,True,False
2011,236,16,5,True,True
2011,239,1,0,True,False
2011,240,1,0,True,False
2011,261,1,0,True,False
2011,262,1,0,True,False
2011,283,3,1,True,True
2011,289,3,0,True,False
2011,290,3,0,True,False
2011,307,4,0,True,False
2011,316,3,1,True,True
2011,338,1,0,True,False
2011,339,1,0,True,False
2011,340,3,0,True,False
2011,342,4,0,True,False
2011,353,22,0,True,False
2011,362,5,0,True,False
2011,377,3,1,True,True
2011,388,12,0,True,False
2011,414,3,0,True,False
2011,419,2,0,True,False
2011,420,2,0,True,False
2011,423,4,0,True,False
2011,434,17,0,True,False
2011,435,17,0,True,False
2011,456,5,0,True,False
2011,463,1,0,True,False
2011,468,14,6,True,True
2011,469,11,9,True,True
2011,481,1,0,True,False
2011,482,1,0,True,False
2011,512,4,0,True,False
2011,525,2,0,True,False
2011,534,1,0,True,False
2011,536,2,0,True,False
2011,537,2,0,True,False
2011,538,25,0,True,False
2011,540,27,0,True,False
2011,541,4,4,True,True
2011,543,2,0,True,False
2011,556,9,0,True,False
2011,560,4,0,True,False
2011,572,1,1,True,True
2011,584,3,0,True,False
2011,585,17,2,True,True
2011,586,9,0,True,False
2011,591,5,1,True,True
2011,592,17,0,True,False
2011,606,1,1,True,True
2011,609,5,0,True,False
2011,611,1,1,True,True
2011,618,15,3,True,True
2011,627,3,0,True,False
2011,628,27,6,True,True
2011,634,2,0,True,False
2011,638,1,0,True,False
2011,639,5,2,True,True
2011,644,27,6,True,True
2011,668,17,0,True,False
2011,672,1,0,True,False
2011,687,5,2,True,True
2011,696,1,0,True,False
2011,704,1,1,True,True
2011,708,3,0,True,False
2011,709,24,6,True,True
2011,712,8,0,True,False
2011,727,24,0,True,False
2011,728,27,0,True,False
2011,729,27,0,True,False
2011,730,15,0,True,False
2011,731,11,0,True,False
2011,733,2,1,True,True
2011,741,22,6,True,True
2011,742,5,0,True,False
2011,743,4,0,True,False
2011,753,1,0,True,False
2011,755,1,1,True,True
2011,761,23,0,True,False
2011,764,5,0,True,False
2011,766,27,0,True,False
2011,786,24,6,True,True
2011,795,19,7,True,True
2012,1,1,0,True,False
2012,10,1,0,True,False
2012,29,1,0,True,False
2012,32,1,0,True,False
2012,53,1,0,True,False
2012,60,1,0,True,False
2012,81,3,2,True,True
2012,82,1,0,True,False
2012,104,1,0,True,False
2012,110,1,0,True,False
2012,116,2,0,True,False
2012,145,1,0,True,False
2012,151,1,0,True,False
2012,190,1,0,True,False
2012,199,1,1,True,True
2012,228,1,0,True,False
2012,236,19,1,True,True
2012,239,1,0,True,False
2012,240,1,0,True,False
2012,261,1,0,True,False
2012,262,1,0,True,False
2012,283,4,1,True,True
2012,289,6,0,True,False
2012,290,6,0,True,False
2012,353,21,0,True,False
2012,377,5,1,True,True
2012,388,16,0,True,False
2012,434,20,0,True,False
2012,435,20,0,True,False
2012,468,19,2,True,True
2012,469,18,17,True,True
2012,481,1,0,True,False
2012,482,1,0,True,False
2012,499,5,1,True,True
2012,502,2,1,True,True
2012,512,8,0,True,False
2012,525,1,0,True,False
2012,531,1,0,True,False
2012,534,1,0,True,False
2012,536,2,0,True,False
2012,538,20,0,True,False
2012,540,26,0,True,False
2012,541,13,13,True,True
2012,556,12,0,True,False
2012,584,6,0,True,False
2012,585,14,2,True,True
2012,586,18,0,True,False
2012,591,6,6,True,True
2012,592,20,0,True,False
2012,606,1,1,True,True
2012,611,3,0,True,False
2012,618,17,0,True,False
2012,619,1,0,True,False
2012,628,26,4,True,True
2012,629,1,0,True,False
2012,634,1,0,True,False
2012,644,26,4,True,True
2012,668,21,0,True,False
2012,672,1,0,True,False
2012,675,1,1,True,True
2012,704,1,1,True,True
2012,708,5,0,True,False
2012,709,20,3,True,True
2012,712,15,0,True,False
2012,718,6,2,True,True
2012,719,6,2,True,True
2012,727,19,1,True,True
2012,728,26,0,True,False
2012,729,26,0,True,False
2012,730,9,0,True,False
2012,731,15,0,True,False
2012,732,2,0,True,False
2012,733,3,0,True,False
2012,741,21,4,True,True
2012,742,6,0,True,False
2012,750,7,1,True,True
2012,753,2,0,True,False
2012,755,1,1,True,True
2012,761,14,1,True,True
2012,764,4,4,True,True
2012,766,26,0,True,False
2012,781,3,1,True,True
2012,782,5,1,True,True
2012,786,20,3,True,True
2012,795,20,1,True,True
2013,7,1,0,True,False
2013,9,1,0,True,False
2013,14,1,0,True,False
2013,20,1,0,True,False
2013,36,2,0,True,False
2013,53,1,0,True,False
2013,59,1,0,True,False
2013,60,1,0,True,False
2013,81,2,1,True,True
2013,87,1,0,True,False
2013,99,2,0,True,False
2013,104,1,0,True,False
2013,110,1,0,True,False
2013,116,2,0,True,False
2013,152,3,0,True,False
2013,173,2,0,True,False
2013,183,3,0,True,False
2013,199,1,1,True,True
2013,236,18,7,True,True
2013,242,1,0,True,False
2013,243,1,0,True,False
2013,256,1,0,True,False
2013,261,1,0,True,False
2013,269,1,0,True,False
2013,272,1,0,True,False
2013,282,1,1,True,True
2013,283,4,0,True,False
2013,289,1,0,True,False
2013,290,1,0,True,False
2013,307,3,0,True,False
2013,316,5,1,True,True
2013,323,2,1,True,True
2013,338,2,0,True,False
2013,339,1,0,True,False
2013,340,1,0,True,False
2013,342,3,0,True,False
2013,349,2,1,True,True
2013,350,2,1,True,True
2013,353,27,0,True,False
2013,362,6,0,True,False
2013,374,1,0,True,False
2013,375,3,0,True,False
2013,377,5,0,True,False
2013,388,11,0,True,False
2013,411,1,0,True,False
2013,414,3,0,True,False
2013,423,4,0,True,False
2013,434,20,0,True,False
2013,435,20,0,True,False
2013,456,5,0,True,False
2013,463,2,0,True,False
2013,468,17,8,True,True
2013,469,10,8,True,True
2013,482,1,0,True,False
2013,487,1,0,True,False
2013,499,5,0,True,False
2013,502,1,0,True,False
2013,505,3,0,True,False
2013,512,3,0,True,False
2013,513,1,1,True,True
2013,525,1,0,True,False
2013,528,1,0,True,False
2013,531,1,0,True,False
2013,536,2,0,True,False
2013,537,4,0,True,False
2013,538,28,0,True,False
2013,540,30,0,True,False
2013,542,2,0,True,False
2013,543,1,0,True,False
2013,556,10,0,True,False
2013,560,4,0,True,False
2013,572,3,2,True,True
2013,584,3,0,True,False
2013,585,17,1,True,True
2013,586,13,0,True,False
2013,591,4,1,True,True
2013,592,26,0,True,False
2013,606,1,1,True,True
2013,609,4,0,True,False
2013,611,1,1,True,True
2013,618,19,3,True,True
2013,619,1,0,True,False
2013,625,1,1,True,True
2013,627,3,0,True,False
2013,628,30,9,True,True
2013,633,2,0,True,False
2013,634,1,0,True,False
2013,638,1,0,True,False
2013,639,5,0,True,False
2013,641,1,0,True,False
2013,644,30,9,True,True
2013,658,1,1,True,True
2013,659,1,1,True,True
2013,666,1,1,True,True
2013,668,23,0,True,False
2013,675,1,0,True,False
2013,687,5,0,True,False
2013,688,5,0,True,False
2013,704,1,1,True,True
2013,708,2,0,True,False
2013,709,22,1,True,True
2013,712,8,0,True,False
2013,718,6,2,True,True
2013,719,5,2,True,True
2013,727,28,0,True,False
2013,728,30,0,True,False
2013,729,30,0,True,False
2013,730,14,0,True,False
2013,731,13,0,True,False
2013,732,2,1,True,True
2013,733,3,0,True,False
2013,741,23,9,True,True
2013,742,5,0,True,False
2013,753,3,1,True,True
2013,755,1,1,True,True
2013,761,27,0,True,False
2013,764,4,0,True,False
2013,766,30,0,True,False
2013,781,4,0,True,False
2013,782,5,1,True,True
2013,786,21,1,True,True
2013,795,25,8,True,True
2014,1,1,0,True,False
2014,7,1,0,True,False
2014,10,1,0,True,False
2014,14,1,0,True,False
2014,25,3,0,True,False
2014,32,1,0,True,False
2014,53,1,0,True,False
2014,67,1,0,True,False
2014,81,2,2,True,True
2014,82,1,0,True,False
2014,104,1,0,True,False
2014,110,1,0,True,False
2014,116,3,0,True,False
2014,145,1,0,True,False
2014,151,1,0,True,False
2014,152,2,0,True,False
2014,154,1,0,True,False
2014,190,1,0,True,False
2014,199,1,0,True,False
2014,228,1,0,True,False
2014,236,20,0,True,False
2014,239,1,0,True,False
2014,240,1,0,True,False
2014,242,2,0,True,False
2014,243,2,0,True,False
2014,261,1,0,True,False
2014,262,1,0,True,False
2014,283,4,1,True,True
2014,289,6,0,True,False
2014,290,6,0,True,False
2014,316,1,0,True,False
2014,323,2,1,True,True
2014,338,5,0,True,False
2014,339,3,0,True,False
2014,340,3,0,True,False
2014,341,2,0,True,False
2014,342,3,0,True,False
2014,348,1,0,True,False
2014,349,1,1,True,True
2014,350,1,1,True,True
2014,353,20,0,True,False
2014,375,1,0,True,False
2014,377,6,1,True,True
2014,388,18,0,True,False
2014,414,2,0,True,False
2014,419,1,0,True,False
2014,420,1,0,True,False
2014,423,6,0,True,False
2014,434,20,1,True,True
2014,435,20,1,True,True
2014,456,1,0,True,False
2014,463,1,0,True,False
2014,468,21,5,True,True
2014,469,19,18,True,True
2014,481,1,0,True,False
2014,482,1,0,True,False
2014,512,9,1,True,True
2014,534,1,0,True,False
2014,536,2,0,True,False
2014,538,22,0,True,False
2014,540,25,0,True,False
2014,541,10,10,True,True
2014,542,1,0,True,False
2014,556,8,0,True,False
2014,560,4,0,True,False
2014,584,7,0,True,False
2014,585,15,1,True,True
2014,586,15,0,True,False
2014,591,6,1,True,True
2014,592,20,0,True,False
2014,606,1,1,True,True
2014,609,5,0,True,False
2014,611,3,2,True,True
2014,618,18,0,True,False
2014,627,1,0,True,False
2014,628,25,0,True,False
2014,629,1,0,True,False
2014,634,2,0,True,False
2014,638,1,0,True,False
2014,639,5,2,True,True
2014,644,25,0,True,False
2014,668,20,0,True,False
2014,672,2,0,True,False
2014,687,5,3,True,True
2014,688,4,2,True,True
2014,696,2,1,True,True
2014,704,1,1,True,True
2014,708,5,0,True,False
2014,709,20,0,True,False
2014,712,13,0,True,False
2014,718,6,1,True,True
2014,719,6,1,True,True
2014,727,20,0,True,False
2014,728,25,0,True,False
2014,729,25,0,True,False
2014,730,12,0,True,False
2014,731,11,0,True,False
2014,733,4,0,True,False
2014,741,19,0,True,False
2014,742,6,0,True,False
2014,743,6,0,True,False
2014,755,1,1,True,True
2014,761,16,0,True,False
2014,764,4,0,True,False
2014,766,25,0,True,False
2014,786,19,0,True,False
2014,795,20,0,True,False
2016,10,1,0,True,False
2016,29,1,0,True,False
2016,32,1,0,True,False
2016,53,1,0,True,False
2016,81,2,2,True,True
2016,82,1,0,True,False
2016,116,2,0,True,False
2016,145,1,0,True,False
2016,151,1,0,True,False
2016,154,1,0,True,False
2016,173,1,0,True,False
2016,183,1,0,True,False
2016,190,2,1,True,True
2016,199,1,0,True,False
2016,203,1,0,True,False
2016,204,1,0,True,False
2016,228,1,0,True,False
2016,236,19,0,True,False
2016,239,1,0,True,False
2016,240,1,0,True,False
2016,261,1,0,True,False
2016,262,1,0,True,False
2016,283,4,2,True,True
2016,289,7,0,True,False
2016,290,7,0,True,False
2016,353,21,0,True,False
2016,362,1,0,True,False
2016,377,6,1,True,True
2016,388,16,0,True,False
2016,423,6,0,True,False
2016,434,19,1,True,True
2016,435,19,1,True,True
2016,456,3,0,True,False
2016,468,18,5,True,True
2016,469,15,14,True,True
2016,481,1,0,True,False
2016,482,1,0,True,False
2016,499,6,1,True,True
2016,502,1,1,True,True
2016,512,7,1,True,True
2016,534,1,0,True,False
2016,536,2,0,True,False
2016,538,25,0,True,False
2016,540,26,0,True,False
2016,541,6,6,True,True
2016,556,16,0,True,False
2016,584,3,0,True,False
2016,585,11,1,True,True
2016,586,16,0,True,False
2016,591,6,1,True,True
2016,592,20,0,True,False
2016,606,1,1,True,True
2016,609,5,0,True,False
2016,611,3,1,True,True
2016,618,19,0,True,False
2016,627,2,0,True,False
2016,628,26,5,True,True
2016,629,1,0,True,False
2016,634,2,0,True,False
2016,638,1,0,True,False
2016,644,26,5,True,True
2016,668,18,0,True,False
2016,672,2,0,True,False
2016,687,4,3,True,True
2016,688,4,2,True,True
2016,696,1,0,True,False
2016,704,1,1,True,True
2016,708,3,0,True,False
2016,709,19,2,True,True
2016,712,14,0,True,False
2016,718,6,2,True,True
2016,719,6,2,True,True
2016,727,22,0,True,False
2016,728,26,0,True,False
2016,729,26,0,True,False
2016,730,6,0,True,False
2016,731,18,0,True,False
2016,733,5,0,True,False
2016,741,21,5,True,True
2016,742,5,0,True,False
2016,753,1,0,True,False
2016,755,1,1,True,True
2016,761,17,0,True,False
2016,764,4,0,True,False
2016,766,26,0,True,False
2016,781,3,0,True,False
2016,782,5,1,True,True
2016,786,18,2,True,True
2016,795,21,2,True,True
2017,1,1,0,True,False
2017,7,1,0,True,False
2017,10,1,0,True,False
2017,14,1,0,True,False
2017,29,1,0,True,False
2017,32,1,0,True,False
2017,53,1,0,True,False
2017,81,3,3,True,True
2017,82,2,0,True,False
2017,104,1,0,True,False
2017,116,2,0,True,False
2017,145,1,0,True,False
2017,151,1,0,True,False
2017,173,1,0,True,False
2017,183,1,0,True,False
2017,190,2,0,True,False
2017,199,1,0,True,False
2017,228,1,0,True,False
2017,236,22,6,True,True
2017,239,1,0,True,False
2017,240,1,0,True,False
2017,261,1,0,True,False
2017,262,1,0,True,False
2017,283,3,1,True,True
2017,289,4,0,True,False
2017,290,4,0,True,False
2017,316,1,0,True,False
2017,338,1,0,True,False
2017,339,2,0,True,False
2017,340,2,0,True,False
2017,342,3,0,True,False
2017,349,1,1,True,True
2017,350,1,1,True,True
2017,353,24,0,True,False
2017,375,1,0,True,False
2017,377,4,0,True,False
2017,388,12,0,True,False
2017,414,1,0,True,False
2017,419,1,0,True,False
2017,420,1,0,True,False
2017,423,5,0,True,False
2017,434,24,0,True,False
2017,435,24,0,True,False
2017,463,1,0,True,False
2017,468,16,5,True,True
2017,469,13,11,True,True
2017,481,1,0,True,False
2017,482,1,0,True,False
2017,502,1,1,True,True
2017,512,5,0,True,False
2017,534,1,0,True,False
2017,536,2,0,True,False
2017,538,24,0,True,False
2017,540,26,0,True,False
2017,541,5,5,True,True
2017,556,6,0,True,False
2017,560,4,0,True,False
2017,584,4,0,True,False
2017,585,19,2,True,True
2017,586,13,0,True,False
2017,591,5,2,True,True
2017,592,24,0,True,False
2017,606,1,1,True,True
2017,609,4,0,True,False
2017,611,3,1,True,True
2017,618,19,4,True,True
2017,619,1,0,True,False
2017,628,26,4,True,True
2017,629,1,0,True,False
2017,634,2,0,True,False
2017,638,1,0,True,False
2017,639,4,2,True,True
2017,644,26,4,True,True
2017,668,22,0,True,False
2017,672,2,0,True,False
2017,675,1,1,True,True
2017,687,4,3,True,True
2017,688,4,2,True,True
2017,696,2,0,True,False
2017,704,1,1,True,True
2017,708,3,0,True,False
2017,709,23,4,True,True
2017,712,8,0,True,False
2017,718,4,0,True,False
2017,719,5,1,True,True
2017,727,23,0,True,False
2017,728,26,0,True,False
2017,729,26,0,True,False
2017,730,17,0,True,False
2017,731,9,0,True,False
2017,732,1,0,True,False
2017,733,3,0,True,False
2017,741,20,4,True,True
2017,742,6,0,True,False
2017,743,6,0,True,False
2017,755,1,1,True,True
2017,761,21,0,True,False
2017,764,2,0,True,False
2017,766,26,0,True,False
2017,786,22,4,True,True
2017,795,22,5,True,True
2018,1,1,0,True,False
2018,2,2,0,True,False
2018,7,1,0,True,False
2018,14,1,0,True,False
2018,25,1,0,True,False
2018,36,1,0,True,False
2018,51,1,0,True,False
2018,53,1,1,True,True
2018,81,1,1,True,True
2018,99,1,0,True,False
2018,110,2,0,True,False
2018,116,2,0,True,False
2018,151,1,0,True,False
2018,167,1,0,True,False
2018,173,3,0,True,False
2018,178,1,0,True,False
2018,183,3,0,True,False
2018,215,1,0,True,False
2018,236,20,0,True,False
2018,239,1,0,True,False
2018,240,1,0,True,False
2018,242,1,0,True,False
2018,243,1,0,True,False
2018,256,2,0,True,False
2018,283,2,0,True,False
2018,289,6,0,True,False
2018,290,6,0,True,False
2018,307,1,0,True,False
2018,316,3,2,True,True
2018,338,2,0,True,False
2018,339,2,0,True,False
2018,340,2,0,True,False
2018,342,3,0,True,False
2018,353,24,0,True,False
2018,362,2,0,True,False
2018,374,2,0,True,False
2018,375,2,0,True,False
2018,377,4,2,True,True
2018,388,18,0,True,False
2018,414,1,0,True,False
2018,423,3,0,True,False
2018,434,20,0,True,False
2018,435,20,0,True,False
2018,456,3,0,True,False
2018,463,1,0,True,False
2018,468,17,4,True,True
2018,469,17,16,True,True
2018,481,1,0,True,False
2018,482,1,0,True,False
2018,499,5,3,True,True
2018,505,2,0,True,False
2018,512,8,0,True,False
2018,513,1,0,True,False
2018,525,1,0,True,False
2018,534,1,0,True,False
2018,536,1,1,True,True
2018,537,1,0,True,False
2018,538,26,1,True,True
2018,540,28,0,True,False
2018,541,9,9,True,True
2018,542,2,0,True,False
2018,543,2,0,True,False
2018,556,11,0,True,False
2018,560,3,0,True,False
2018,572,1,1,True,True
2018,584,4,0,True,False
2018,585,14,0,True,False
2018,586,21,0,True,False
2018,591,3,1,True,True
2018,592,21,0,True,False
2018,604,1,0,True,False
2018,606,1,1,True,True
2018,609,3,0,True,False
2018,618,20,0,True,False
2018,627,2,0,True,False
2018,628,28,7,True,True
2018,633,1,0,True,False
2018,634,1,0,True,False
2018,638,1,0,True,False
2018,639,5,1,True,True
2018,644,28,7,True,True
2018,668,21,0,True,False
2018,672,1,0,True,False
2018,687,4,1,True,True
2018,688,3,1,True,True
2018,708,4,0,True,False
2018,709,19,3,True,True
2018,712,19,0,True,False
2018,718,5,1,True,True
2018,719,3,1,True,True
2018,727,23,1,True,True
2018,728,28,0,True,False
2018,729,28,0,True,False
2018,730,11,0,True,False
2018,731,11,0,True,False
2018,733,1,0,True,False
2018,741,21,7,True,True
2018,742,5,0,True,False
2018,753,1,1,True,True
2018,761,16,1,True,True
2018,764,2,0,True,False
2018,766,28,0,True,False
2018,781,3,2,True,True
2018,782,5,3,True,True
2018,786,19,3,True,True
2018,795,23,1,True,True
2019,1,1,0,True,False
2019,10,1,0,True,False
2019,32,1,0,True,False
2019,53,1,0,True,False
2019,81,2,2,True,True
2019,82,1,0,True,False
2019,104,1,0,True,False
2019,145,1,0,True,False
2019,151,1,0,True,False
2019,152,1,0,True,False
2019,190,1,0,True,False
2019,199,1,0,True,False
2019,228,1,0,True,False
2019,236,21,0,True,False
2019,239,1,0,True,False
2019,240,1,0,True,False
2019,261,1,0,True,False
2019,262,1,0,True,False
2019,283,2,1,True,True
2019,289,7,0,True,False
2019,290,7,0,True,False
2019,316,1,0,True,False
2019,323,1,1,True,True
2019,340,1,0,True,False
2019,353,21,0,True,False
2019,388,18,0,True,False
2019,423,5,0,True,False
2019,434,21,0,True,False
2019,435,21,0,True,False
2019,463,1,0,True,False
2019,468,17,3,True,True
2019,469,18,17,True,True
2019,481,1,0,True,False
2019,482,1,0,True,False
2019,512,10,0,True,False
2019,534,1,0,True,False
2019,536,2,0,True,False
2019,538,21,1,True,True
2019,540,25,0,True,False
2019,541,14,14,True,True
2019,556,7,0,True,False
2019,560,3,0,True,False
2019,584,5,0,True,False
2019,585,16,1,True,True
2019,586,19,0,True,False
2019,592,21,0,True,False
2019,606,1,1,True,True
2019,609,1,0,True,False
2019,611,4,3,True,True
2019,618,20,0,True,False
2019,628,25,3,True,True
2019,634,2,0,True,False
2019,638,1,0,True,False
2019,639,4,1,True,True
2019,644,25,3,True,True
2019,668,21,0,True,False
2019,672,2,1,True,True
2019,687,4,2,True,True
2019,688,3,1,True,True
2019,696,1,0,True,False
2019,704,1,1,True,True
2019,708,5,0,True,False
2019,709,20,3,True,True
2019,712,18,0,True,False
2019,718,2,1,True,True
2019,719,2,1,True,True
2019,727,19,1,True,True
2019,728,25,0,True,False
2019,729,25,0,True,False
2019,730,11,0,True,False
2019,731,9,0,True,False
2019,741,18,3,True,True
2019,742,5,0,True,False
2019,743,2,0,True,False
2019,755,1,1,True,True
2019,761,13,1,True,True
2019,766,25,0,True,False
2019,786,20,3,True,True
2019,795,21,0,True,False
